{
    "A": 3.8136324786324787,
    "B": 3.5229166666666663,
    "C": 3.3461379551820727
}